I,d,O,
##,d,O,


Kung,c,O,O
madadama,o,B-PRD,O
lamang,c,O,O
natin,p,B-NG,O
ang,f,B-ANG,O
dibdib,o,I-ANG,O
ni,f,I-ANG,O
Leonora,n,I-ANG,O
+COMMA,d,O,O
ay,f,O,O
ating,p,O,O
mararamdaman,o,O,O
na,f,O,O
para,c,O,O
bang,c,O,O
lalong,c,O,O
lumalakas,o,O,B-PRD-SUB
ang,f,O,B-ANG
pagkaba,o,O,I-ANG
.,d,O,O


Malakas,o,B-PRD,
at,f,I-PRD,
masasal,o,I-PRD,
na,f,O,
parang,c,O,
tinatahip,o,O,
ang,f,B-ANG
dibdib,o,I-ANG
sa,f,B-SA
lakas,o,I-SA
ng,f,I-SA
tibok,o,I-SA
ng,f,I-SA
puso,o,I-SA
.,d,O


Parang,c,O
may,c,O
sindak,o,O
+COMMA,d,O
nguni,c,O
t,c,O
sa,c,B-SA
harap,o,I-SA
pa,f,O
ba,f,O
kaya,c,O
naman,c,O
ng,f,B-NG
isang,c,I-NG
kasintahan,o,I-NG
masisindak,o,B-PRD
at,f,I-PRD
waring,c,I-PRD
matatakot,o,I-PRD
?,d,O


Isang,c,O
hiwaga,o,O
ang,f,O
ganito,o,O
!,d,O


Sila,p,B-ANG
y,f,B-PRD
magkapiling,o,I-PRD
ni,f,B-NG
Eduardo,n,I-NG
.,d,O
##,d,O


Ang,f,B-ANG,O,O
kanilang,p,I-ANG,O,O
mga,f,I-ANG,O,O
puso,o,I-ANG,O,O
ay,f,B-PRD,O,O
parang,c,I-PRD,O,O
nangapiping,o,I-PRD,O,O
ilang,c,O,O,O
sandali,o,O,O,O
sa,f,O,O,O
dahilang,o,O,O,O
tila,o,O,B-PRD-SUB,O
tumagos,o,O,I-PRD-SUB,O
sa,f,O,B-SA,O
puso,o,O,I-SA,O
ng,f,O,I-SA,O
binibini,o,O,I-SA,O
ang,f,O,B-ANG,O
pangungusap,o,O,B-ANG,O
na,f,O,O,O
binigkas,o,O,O,B-PRD-SUB
ng,f,O,O,B-NG
binata,o,O,O,I-NG
.,d,O,O,O


Ang,f,B-ANG,O,
huling,o,I-ANG,O,
katagang,o,I-ANG,B-ANG,
binigkas,o,I-ANG,B-PRD-SUB,
ni,f,I-ANG,B-NG,
Eduardo,n,I-ANG,I-NG,
ay,f,B-PRD,O,
parang,c,I-PRD,O,
nagdulot,o,I-PRD,O,
sa,f,B-SA,O,
puso,o,I-SA,O,
ni,f,I-SA,O,
Leoning,n,I-SA,O,
ng,f,B-NG,O,
isang,c,I-NG,O,
pagkaawa,o,I-NG,O,
.,d,O,O,


Nguni,c,O,O,O
t,f,O,O,O
ang,f,B-ANG,O,O
pagkaawa,o,I-ANG,O,O
niyang,p,I-ANG,O,O
yaon,c,I-ANG,O,O
ay,f,B-PRD,O,O
nangahulugan,o,I-PRD,O,O
ng,f,B-NG,O,O
kanyang,p,I-NG,O,O
pagkapipi,o,I-NG,O,O
sa,f,B-SA,O,O
dahilang,o,I-SA,O,O
hindi,c,I-SA,B-PRD,O
mabigkas,o,I-SA,I-PRD-SUB,O
ng,f,I-SA,B-NG,O
bibig,o,I-SA,I-ING,O
ang,f,I-SA,B-ANG,O
isasagot,o,I-SA,I-ANG,O
+COMMA,d,O,O,O
samantalang,o,O,O,O
+COMMA,d,O,O,O
sa,f,O,O,B-SA
katotohanan,o,O,O,I-SA
ay,f,O,O,B-PRD
di,c,O,O,I-PRD
natin,p,O,O,I-PRD
nababatid,o,O,O,I-PRD
ang,f,O,O,B-ANG
mga,f,O,O,I-ANG
lihim,o,O,O,I-ANG
ng,f,O,O,I-ANG
kanilang,o,O,O,I-ANG
puso,o,O,O,I-ANG
.,d,O,O,O,,
##,d,O,O,O,,


At,f,O,O,O,O,O
upang,c,O,O,O,O,O
matalos,o,B-PRD,O,O,O,O
naman,c,O,O,O,O,O
natin,p,B-NG,O,O,O,O
kung,c,O,O,O,O,O
bakit,c,O,O,O,O,O
ang,f,O,B-ANG,O,O,O
binibini,o,O,I-ANG,O,O,O
ay,f,O,B-PRD,O,O,O
parang,c,O,I-PRD,O,O,O
sumisikdo,o,O,I-PRD,B-PRD-SUB,O,O
ang,f,O,I-PRD,B-ANG,O,O
puso,o,O,I-PRD,I-ANG,O,O
at,c,O,O,O,O,O
parang,c,O,O,O,O,O
tinatahip,o,O,O,O,B-PRD,O
ang,f,O,O,O,B-ANG,O
dibdib,o,O,O,O,I-ANG,O
ay,f,O,O,O,O,O
narito,o,O,O,O,O,B-PRD
ang,f,O,O,O,O,B-ANG
dahilan,o,O,O,O,O,I-ANG
.,d,O,O,O,O,O


Siya,p,B-ANG,,,,
ay,f,B-PRD,,,,
di,c,I-PRD,
natin,p,B-NG,
dapat,c,I-PRD,
pagkamalang,o,I-PRD,
natatakot,o,I-PRD,
.,d,O,


Ang,f,B-ANG,O
nasa,c,I-ANG,B-PRD-SUB
harap,o,I-ANG,I-PRD-SUB
niya,p,I-ANG,B-NG
ay,f,B-PRD,O
si,f,B-ANG,O
Eduardo,n,I-ANG,O
+COMMA,d,O,O
isang,c,O,O
uliran,o,O,O
+COMMA,d,O,O
mabait,o,O,O
at,f,O,O
matimtimang,o,O,O
binata,o,O,O
.,d,O,O


Walang,c,B-PRD,O
kilos,o,B-NG,B-ANG
na,f,O,O
magaspang,o,O,B-PRD-SUB
at,f,O,I-PRD-SUB
marungis,o,O,I-PRD-SUB
na,f,O,O
paguugali,o,O,O
.,d,O,O
##,d,O,O


Nang,f,B-SA,O
mga,f,I-SA,O
sandaling,o,I-SA,O
yaon,c,I-SA,O
ay,f,B-PRD,O
idinadaing,o,I-PRD,O
niya,p,B-NG,O
sa,f,B-SA,O
harap,o,I-SA,O
ni,f,I-SA,O
Leoning,n,I-SA,O
ang,f,B-ANG,O
dalisay,o,I-ANG,O
na,f,I-ANG,O
tibukin,o,I-ANG,O
ng,f,I-ANG,O
kanyang,p,I-ANG,O
puso,o,I-ANG,O
sa,f,O,O
dahilang,o,O,O
sinisinta,o,O,B-PRD
niya,p,O,B-NG
nang,f,O,O
tapat,o,O,O
si,f,O,B-ANG
Leonora,n,O,I-ANG
.,d,O,O
##,d,O,O


--,d,O,
Leoning,n,O,
+COMMA,d,O,
malaon,o,O,
nang,f,O,
ang,f,B-ANG,
palad,o,I-ANG,
ko,p,I-ANG,
ay,f,B-PRD,
nasa,c,I-PRD,
kandungan,o,I-PRD,
ng,f,B-NG,
dusa,o,I-NG,
.,d,O,


Nguni,c,O,O
t,f,O,O
kailan,f,O,O
ko,p,B-NG,O
pa,c,O,O
kaya,c,O,O
matatamo,o,B-PRD,O
ang,f,B-ANG,B-ANG
pagasang,o,I-ANG,I-ANG
maituturing,o,I-ANG,B-PRD-SUB
kong,p,I-ANG,B-NG
ligaya,o,I-ANG,I-NG
ng,f,I-ANG,I-NG,,
aking,p,I-ANG,I-NG,,
buhay,o,I-ANG,I-NG,,
?,d,O,O,,


Katulad,c,O,O,O,O
ko,p,O,O,O,O
Leoning,n,B-ANG,O,B-ANG,O
ay,f,B-PRD,O,O,O
isang,c,B-ANG,B-ANG,O,O
bulaklak,o,I-ANG,I-ANG,O,O
na,f,I-ANG,O,O,O
nalalanta,o,I-ANG,B-PRD-SUB,O,O
at,f,O,O,O,O
ang,f,O,O,B-PRD-SUB,O
tanging,o,O,O,I-PRD-SUB,O
makapagpapasariwa,o,O,O,I-PRD-SUB,O
+COMMA,d,O,O,O,O
lamang,c,O,O,O,O
ay,f,O,O,O,B-PRD-SUB
ang,f,O,O,O,I-PRD-SUB
hamog,o,O,O,O,I-PRD-SUB
ng,f,O,O,O,B-NG
iyong,p,O,O,O,I-NG
kaawaan,o,O,O,O,I-NG
.,d,O,O,O,O
##,d,O,O,O,O


Datapwa,c,O,O,O,
t,f,O,O,O,
ang,f,B-ANG,O,O
binibini,o,I-ANG,O,O
ay,f,B-PRD,O,O
patuloy,o,I-PRD,O,O
sa,f,B-SA,O,O
kanyang,p,I-SA,O,O
pagkapipi,o,I-SA,O,O
;,d,O,O,O
hindi,c,O,B-PRD,O
pa,c,O,I-PRD,O
rin,c,O,I-PRD,O
sumasagot,o,O,I-PRD,O
+COMMA,d,O,O,O
kaya,c,O,O,O
si,f,O,O,B-ANG
Eduardo,n,O,O,I-ANG
ay,f,O,O,B-PRD
muling,c,O,O,I-PRD
nangusap,o,O,O,I-PRD
.,d,O,O,O
##,d,O,O,O


--,d,O,,
Leoning,n,O,,
+COMMA,d,O,,
kailan,c,B-PRD,,
pa,c,O,,
?,d,O,,


Maanong,c,O,O,
sa,f,B-SA,O
ngayon,c,I-SA,O
ay,f,B-PRD,O
idulot,o,I-PRD,O
mo,p,B-NG,O
na,c,O,O
at,f,O,O
kung,c,O,O
hihintayin,o,O,B-PRD
mo,p,O,B-NG
pa,c,O,O
ang,f,O,B-ANG
bukas,o,O,I-ANG
+COMMA,d,O,O
oh,c,O,O
!,d,O,O


Leoning,n,O
+COMMA,d,O
sa,f,B-SA
aba,o,I-SA
ko,p,I-SA
ay,f,B-PRD
wala,c,I-PRD
na,c,I-PRD
!,d,O


Tila,c,B-SA
isang,c,I-SA
libingang,o,I-SA
napakapanglaw,o,B-PRD,
ang,f,B-ANG,
kahihinatnan,o,I-ANG,
ng,f,B-NG,
palad,o,I-NG,
ko,p,I-NG,
.,d,O,


Kaya,c,O,O
+COMMA,d,O,O
kung,c,O,O
may,c,B-PRD,O
paglingap,o,I-PRD,O
ka,c,B-ANG,O
ay,f,O,O
igawad,o,O,B-PRD,
mo,p,O,B-NG,
na,c,O,O,
ngayon,c,O,O,
sa,f,O,B-SA,
akin,p,O,I-SA,
.,d,O,O,
##,d,O,O,


Ang,f,B-ANG,O,O
ganitong,o,I-ANG,O,O
mga,f,I-ANG,O,O
pangungusap,o,I-ANG,O,O
na,c,I-ANG,O,O
binigkas,o,I-ANG,B-PRD-SUB,O
ni,f,I-ANG,B-NG,O
Eduardo,n,I-ANG,I-NG,O
ay,f,B-PRD,O,O
parang,c,I-PRD,O,O
lubos,o,I-PRD,O,O
na,f,I-PRD,O,O
tumagos,o,I-PRD,O,B-PRD-SUB
sa,f,B-SA,O,B-SA
kaibuturan,o,I-SA,O,I-SA
ng,f,I-SA,O,I-SA
puso,o,I-SA,O,I-SA
ni,f,B-NG,O,I-SA
Leoning,n,I-NG,O,I-SA
.,d,O,O,O


Sa,f,O,O
gayon,c,O,O
+COMMA,d,O,O
si,f,B-ANG,O
Leoning,n,I-ANG,O
ay,f,B-PRD,O
nagkaroon,o,I-PRD,O
ng,f,B-NG,O
awa,o,I-NG,O
at,f,O,O
tila,c,O,B-PRD
ganap,o,O,I-PRD
na,f,O,I-PRD
nahabag,o,O,I-PRD
sa,f,O,B-SA
anyong,o,O,I-SA
kanyang,p,O,I-SA
namalas,o,O,I-SA
kay,f,O,B-SA
Eduardo,n,O,I-SA
.,d,O,O


Naawa,o,B-PRD,
siya,p,B-ANG,
.,d,O,


Nguni,c,O,
t,f,O,
ang,f,B-ANG,
kasagutang,o,I-ANG,
bibigkasin,o,I-ANG,,
ay,f,B-PRD,,
parang,c,I-PRD,,
nabitin,o,I-PRD,,
sa,f,B-SA,,
kanyang,p,I-SA,,
labi,o,I-SA,,
.,d,O,,


Pinagaalinlanganan,o,B-PRD,O,O
niya,p,B-NG,O,O
ang,f,B-ANG,O,O
pagbigkas,o,I-ANG,O,O
sa,f,B-SA,O,O
matamis,o,I-SA,O,O
na,c,I-SA,O,O
salitang,o,I-SA,O,O
OO,c,B-NG-CMP,O,O
para,c,B-SA,O,O
sa,f,I-SA,O,O
isang,c,I-SA,O,O
Eduardo,n,I-SA,O,O
+COMMA,d,O,O,O
kaya,c,O,O,O
t,f,O,O,O
pinigil,o,O,B-PRD,O
pa,c,O,O,O
rin,c,O,O,O
niya,p,O,B-NG,B-NG
at,f,O,O,B-PRD
di,c,O,O,I-PRD
binitawan,o,O,O,I-PRD
.,d,O,O,O
##,d,O,O,O


Ang,f,B-ANG,O,O
mga,f,I-ANG,O,O
sandaling,o,I-ANG,O,O
yaon,c,I-ANG,O,O
ay,f,B-PRD,O,O
siyang,p,I-PRD,O,O
huling,o,I-PRD,O,O
gabi,o,I-PRD,O,O
ng,f,B-NG,O,O
kanilang,p,I-NG,O,O
paguusap,o,I-NG,O,O
+COMMA,d,O,O,O
at,f,O,O,O
kung,f,O,B-SA,O
maulit,o,O,I-SA,O
man,c,O,O,O
ay,f,O,B-PRD,O
maluluwatan,o,O,I-PRD,O
na,c,O,O,O
pagka,c,O,O,O
t,f,O,O,O
sa,f,O,O,B-SA
kinabukasan,o,O,O,I-SA
ng,f,O,O,I-SA
araw,o,O,O,I-SA
na,f,O,O,I-SA
yaon,c,O,O,I-SA
ay,f,O,O,B-PRD
patungo,o,O,O,I-PRD
ng,f,O,O,I-PRD
Maynila,n,O,O,I-PRD
+COMMA,d,O,O,O
si,f,O,O,B-ANG
Eduardo,n,O,O,I-ANG
+COMMA,d,O,O,O
sa,f,O,O,O
dahilang,o,O,O,O
panahon,o,O,O,O
na,f,O,O,O
naman,c,O,O,O
ng,f,O,O,O
pagbubukas,o,O,O,O
ng,f,O,O,O
mga,f,O,O,O
paaralan,o,O,O,O
.,d,O,O,O


Hindi,c,B-PRD,O,
na,f,O,O,
niya,p,B-NG,O,
maaaring,o,I-PRD,O,
magawa,o,I-PRD,O,
pa,c,O,O,
ang,f,B-ANG,O,
dating,o,B-ANG,O,
pagdalaw,o,B-ANG,O,
kay,f,B-SA,O,
Leoning,n,I-SA,B-ANG,
na,c,O,O
walang,c,O,B-PRD-SUB
liban,o,O,B-NG
tuwing,o,O,O
hapon,o,O,O
.,d,O,O
##,d,O,O


Kaya,c,O,O
t,f,O,O
boong,o,B-ANG,O
pagsusumikap,o,I-ANG,O
ang,f,B-PRD,O
ginawa,o,I-PRD,O
ni,f,B-NG,O
Eduardo,n,I-NG,O
+COMMA,d,O,O
upang,c,O,O
kung,c,O,O
maaari,o,O,B-PRD
lamang,c,O,I-PRD
tamuhin,o,O,I-PRD
niya,p,O,B-NG
ang,f,O,B-ANG
kanyang,p,O,I-ANG
mithing,o,O,I-ANG
makamtan,o,O,I-ANG
;,d,O,O
ang,f,O,O
pagibig,o,O,O
ni,f,O,O
Leoning,n,O,O
bago,o,O,O
lisanin,o,O,O
ang,f,O,O
sariling,p,O,O
bayan,o,O,O
.,d,O,O


Kaya,c,O,
t,f,O,
sa,f,B-SA,
gitna,o,I-SA,
ng,f,I-SA,
paghaharing,o,I-SA,
yaon,c,I-SA,
ng,f,I-SA,
katahimikan,o,I-SA,
ay,f,I-PRD,
pamuli,o,B-PRD,
siyang,p,I-PRD,
nangusap,o,I-PRD,
:,d,O,
##,d,O,


--,d,O,O
Leoning,n,O,O
+COMMA,d,O,O
ano,c,B-ANG,O
ang,f,B-PRD,O
kahulugan,o,I-PRD,O
ng,f,B-NG-CMP,O,
di,c,I-NG-CMP,O,
mo,p,I-NG-CMP,B-NG,
pagsagot,o,I-NG-CMP,B-PRD,
na,f,I-NG-CMP,B-NG,
ito,p,I-NG-CMP,I-NG,
sa,f,I-NG-CMP,B-SA,
akin,p,I-NG-CMP,I-SA,
?,d,O,O,


Niwawalang,o,B-PRD,O,O
bahala,o,I-PRD,O,O
mo,p,B-NG,O,O
kaya,c,O,O,O
pagka,c,O,O,O
t,f,O,O,O
akong,p,O,B-ANG,O
kaharap,o,O,I-ANG,O
mo,p,O,I-ANG,O
ay,f,O,B-PRD,O
isang,c,O,I-PRD,O
abang,o,O,I-PRD,O
maralitang,o,O,I-PRD,O
Eduardo,n,O,I-PRD,B-ANG
lamang,c,O,O,O
na,c,O,O,O
di,c,O,O,B-PRD-SUB
dapat,c,O,O,I-PRD
pansinin,o,O,O,I-PRD
?,d,O,O,O
##,d,O,O,O


--,d,O
Eduardo,n,O
+COMMA,d,O
bakit,c,O
ka,p,B-NG
nagsalita,o,B-PRD
ng,f,B-NG
ganyan,c,I-NG
?,d,O
##,d,O


--,d,O
Leoning,n,O
+COMMA,d,O
hindi,c,O
ba,c,O
katotohanan,o,B-PRD
ang,f,B-ANG
aking,p,I-ANG
sinabi,o,I-ANG
?,d,O
##,d,O


--,d,O
Eduardo,n,O
+COMMA,d,O
huwag,c,O
mong,p,B-NG
pasakitan,o,B-PRD
ang,f,B-ANG
aking,p,I-ANG
puso,o,I-ANG
.,d,O


Oo,c,O
+COMMA,d,O
iniibig,o,B-PRD
kita,p,B-NG
.,d,O


Ikaw,p,B-ANG
lamang,c,O
ang,f,B-ANG
buhay,o,I-ANG
ko,p,I-ANG
.,d,O
##,d,O


--,d,O
Leoning,n,O
+COMMA,d,O
salamat,c,O
+COMMA,d,O
diyata,c,O
...?,d,O
##,d,O


--,d,O,O
Eduardo,n,O,O
+COMMA,d,O,O
asahan,o,B-PRD,O
mong,p,B-NG,O
boong,o,B-NG,B-SA
puso,o,I-NG,B-SA
kitang,p,I-NG,B-ANG
iniibig,o,I-NG,B-PRD-SUB
.,d,O,O
##,d,O,O


--,d,O,
Leoning,n,O,
!!!,d,O,
##,d,O,


--,d,O,
Eduardo,n,O,
!!!,d,O,
##,d,O,


Walang,c,B-PRD,O
naitugon,o,I-PRD,O
ang,f,B-ANG,O
binata,o,I-ANG,O
sa,f,B-SA,O
dalaga,o,I-SA,O
kundi,c,O,O
isang,c,O,B-ANG
halik,o,O,I-ANG
sa,f,O,I-ANG
mapulang,o,O,I-ANG
labi,o,O,I-ANG
at,f,O,I-ANG
isang,c,O,I-ANG
mahigpit,o,O,I-ANG
na,f,O,B-PRD-SUB
yakap,o,O,I-PRD
.,d,O,O


Kay,f,O,
papalad,o,O,
na,f,O,
mga,f,O,
puso,o,O,
!,d,O,


Salamat,c,O,O
at,f,O,O
walang,c,B-PRD,O
nakasaksi,o,I-PRD,O
sa,f,B-SA,O
kanila,p,I-SA,O
kundi,c,O,O
ang,f,O,B-ANG
mga,f,O,B-ANG
bituin,o,O,B-ANG
at,f,O,B-ANG
ang,f,O,B-ANG
kabilugang,o,O,B-ANG
buwang,o,O,B-ANG
sa,f,O,B-ANG
kaliwanagan,o,O,B-ANG
ay,f,O,B-PRD
parang,c,O,I-PRD
nakabitin,o,O,I-PRD
sa,f,O,B-SA
langit,o,O,I-SA
.,d,O,O
##,d,O,O


--,d,O,O
Eduardo,n,O,O
+COMMA,d,O,O
baka,c,B-SA,O
pagkatapos,o,I-SA,B-PRD-SUB
ng,f,I-SA,B-NG
lahat,o,I-SA,I-NG
ng,f,I-SA,I-NG
ito,p,I-SA,I-NG
ay,f,B-PRD,O
pabayaan,o,I-PRD,O
mo,p,B-NG,O
ang,f,B-ANG,O
aking,p,I-ANG,O
palad,o,I-ANG,O
?,d,O,O
##,d,O,O


--,d,O
Leoning,n,O
+COMMA,d,O
alalahanin,o,B-PRD
mong,p,B-NG
libingan,o,?
ang,f,B-ANG
kasasadlakan,o,I-ANG
ko,p,I-ANG
kapag,o,O
nagmaliw,o,B-PRD
ang,f,B-ANG
aking,p,I-ANG
pag-ibig,o,I-ANG
.,d,O
##,d,O


--,d,O
Eduardo,n,O
+COMMA,d,O
baka,c,O
....,d,O
##,d,O


--,d,O
Leoning,n,O
+COMMA,d,O
maniwala,o,B-PRD
ka,p,B-ANG
.,d,O
##,d,O


--,d,O
Baka,c,O
sabi,o,B-PRD
mo,p,B-NG
lamang,c,O
ang,f,B-ANG
lahat,o,I-ANG
ng,f,B-NG
iyan,p,I-NG
.,d,O
##,d,O


--,d,O,O,O
Leoning,n,O,O,O
+COMMA,d,O,O,O
malasin,o,B-PRD,O,O
mo,p,B-NG,O,O
ang,f,B-ANG,O,O
mga,f,I-ANG,O,O
bituin,o,I-ANG,O,O
+COMMA,d,O,O,O
malasin,o,O,B-PRD,O
mo,p,O,B-NG,O
ang,f,O,B-ANG,B-ANG
buwang,o,O,I-ANG,I-ANG
iyang,p,O,I-ANG,I-ANG
nagsasabog,o,O,I-ANG,B-PRD-SUB
ng,f,O,I-ANG,B-NG
kaliwanagan,o,O,I-ANG,I-NG


-,d,O,,
iyan,p,O,,
+COMMA,d,O,,
iyan,p,B-PRD,,
ang,f,B-ANG,,
mga,f,I-ANG,,
tangi,o,I-ANG,,
kong,p,I-ANG,,
saksi,o,I-ANG,,
.,d,O,,
##,d,O,,


--,d,O,
Masasaksi,o,B-PRD,
mo,p,B-NG,
nga,c,O,
iyan,p,B-ANG,
;,d,O,


nguni,c,O,O
t,f,O,O
hindi,c,O,O
mo,p,B-NG,O
ba,c,O,O
naaalaala,o,B-PRD,O
na,c,B-NG,O
ang,f,I-NG,B-ANG
buwang,o,I-NG,I-ANG
iyan,p,I-NG,I-ANG
ay,f,I-NG,B-PRD
naglalaho,o,I-NG,B-PRD
kung,c,I-NG,O
sinasaputan,o,I-NG,B-PRD
ng,f,I-NG,B-NG
ulap,o,I-NG,I-NG
?,d,O,O


Ganyan,c,B-PRD,O
din,c,O,O
naman,c,O,O
ang,f,B-ANG,O
iyong,p,I-ANG,O
pagibig,o,I-ANG,O
na,c,I-ANG,O
mangyayaring,o,I-ANG,B-PRD
maglaho,o,I-ANG,I-PRD
pagdating,o,I-ANG,I-PRD
ng,f,I-ANG,B-NG
panahon,o,I-ANG,I-NG
.,d,O,O
##,d,O,O


--,d,O,
Huwag,c,O,
mong,p,B-NG,
pahirapan,o,B-PRD,,,
ang,f,B-ANG,,,
aking,p,I-ANG,,,
puso,o,I-ANG,,,
.,d,O,,,


Alalahanin,o,B-PRD,O,O,O
mong,p,B-NG,O,O,O
ang,f,B-NG-CMP,B-ANG,O,O
puso,o,I-NG-CMP,I-ANG,O,O
ko,p,I-NG-CMP,I-ANG,O,O
ay,f,I-NG-CMP,B-PRD-SUB,O,O
katulad,o,I-NG-CMP,I-PRD,O,O
ng,f,I-NG-CMP,I-PRD,O,O
isang,c,I-NG-CMP,I-PRD,O,O
bulaklak,o,I-NG-CMP,I-PRD,O,O
na,c,I-NG-CMP,O,O,O
kapag,c,I-NG-CMP,O,O,O
hindi,c,I-NG-CMP,O,B-PRD,O
nadilig,o,I-NG-CMP,O,I-PRD,O
na,c,I-NG-CMP,O,B-NG-CMP,O
isang,c,I-NG-CMP,O,I-NG,B-ANG
umaga,o,I-NG-CMP,O,I-NG,I-ANG
ay,f,I-NG-CMP,O,I-NG,B-PRD-SUB
nalalanta,o,I-NG-CMP,O,I-NG,I-PRD
;,d,O,O,O,O


kaya,c,O,,,
t,f,O,,,
kung,c,O,,,
malanta,o,B-PRD,
nga,c,O,
ang,f,B-ANG,
paglingap,o,I-ANG,
mo,p,I-ANG,
+COMMA,d,O,
ay,c,O,
!,d,O,


sa,f,B-SA,O
aba,o,I-SA,O
ko,p,I-SA,O
ay,f,B-PRD,O
wala,c,I-PRD,O
nang,f,I-PRD,O
pagasa,o,I-PRD,O
kundi,c,O,O
ang,f,O,B-PRD
tunguhin,o,O,I-PRD
ang,f,O,B-ANG
huling,o,O,I-ANG
hantungan,o,O,I-ANG
ng,f,O,B-NG
lahat,o,O,I-NG
.,d,O,O
##,d,O,O


--,d,O,
Eduardo,n,O,
+COMMA,d,O,
ang,f,B-ANG,
lahat,o,I-ANG,
ng,f,I-ANG,
iyan,p,I-ANG,
ay,f,B-PRD,
masasabi,o,I-PRD,
mo,p,I-PRD,
;,d,O,


nguni,c,O,O
t,f,O,O
pagdating,o,B-PRD,B-SA
mo,p,B-NG,I-SA
marahil,c,O,I-SA
sa,f,B-SA,I-SA
Maynila,n,I-SA,I-SA
+COMMA,d,O,O
ay,f,O,B-PRD
pawi,o,O,I-PRD
nang,f,O,I-PRD
lahat,o,O,I-PRD
sa,f,O,B-SA
iyong,p,O,I-SA
alaala,o,O,I-SA
ang,f,O,B-ANG
mga,f,O,I-ANG
pangungusap,o,O,I-ANG
mong,p,O,I-ANG
iyan,p,O,I-ANG
sa,f,O,B-SA
harap,o,O,I-SA
ko,p,O,I-SA,
.,d,O,O,
##,d,O,O,


--,d,O,,
Leoning,n,O,,
+COMMA,d,O,,
balintuna,o,B-PRD,,
ang,f,B-ANG,,
iyong,p,I-ANG,,
hinagap,o,I-ANG,,
.,d,O,,


Alalahanin,o,B-PRD,O,O
mong,p,B-NG,O,O
sa,f,B-SA,O,O
kaibuturan,o,I-SA,O,O
ng,f,B-NG,O,O
puso,o,I-NG,O,O
ko,p,I-NG,O,O
ay,f,B-NG-CMP,O,O
isa,c,B-NG-CMP,B-PRD-SUB,O
kang,p,B-NG-CMP,I-ANG,O
bulaklak,o,B-NG-CMP,I-ANG,O
na,f,O,O,O
pinakakaingatan,o,O,O,B-PRD-SUB
at,f,O,O,I-PRD
laging,c,O,O,I-PRD
dinidilig,o,O,O,I-PRD
ng,f,O,O,B-NG
aking,p,O,O,I-NG
pagmamahal,o,O,O,I-NG
.,d,O,O,O
##,d,O,O,O


--,d,O,,
Eduardo,n,O,,
+COMMA,d,O,,
marahil,o,B-SA,,
ay,f,B-PRD,,
malilimot,o,I-PRD,,
mo,p,B-NG,,
rin,c,O,,
ang,f,B-ANG,,
lahat,o,I-ANG,,
ng,f,I-ANG,,
iyong,p,I-ANG,,
mga,f,I-ANG,,
pangungusap,o,I-ANG,,
.,d,O,,


Kung,c,O,O,O
nasa,c,B-PRD,O,O
piling,o,I-PRD,O,O
mo,p,I-PRD,O,O
na,f,B-NG-CMP,O,O
marahil,c,I-NG-CMP,O,O
ang,f,I-NG-CMP,O,O
magagandang,o,I-NG-CMP,O,O
bulaklak,o,I-NG-CMP,O,O
sa,f,I-NG-CMP,O,O
Maynila,n,I-NG-CMP,O,O
+COMMA,d,O,O,O
na,c,O,O,O
+COMMA,d,O,O,O
pugad,o,O,B-PRD,O
ng,f,O,B-NG,O
mga,f,O,I-NG,O
pusong,o,O,I-NG,O
uhaw,o,O,I-NG,O
sa,f,O,B-SA,O
hamog,o,O,I-SA,O
ng,f,O,I-SA,O
ligaya,o,O,I-SA,O
ay,f,O,O,O
lilimutin,o,O,O,B-PRD-SUB
mo,p,O,O,B-NG
na,c,O,O,O
ang,f,O,O,B-ANG
lahat,o,O,O,I-ANG
ng,f,O,O,B-NG
ito,p,O,O,I-NG
.,d,O,O,O
##,d,O,O,O


--,d,O,,
Leoning,n,O,,
+COMMA,d,O,,
huwag,c,B-PRD,,
mong,p,B-NG,,
pangarapin,o,I-PRD,,
ang,f,B-ANG,
ganyang,c,I-ANG,
mong,p,I-ANG,
hinala,o,I-ANG,
;,d,O,


alalahanin,o,O,B-PRD
mong,p,O,B-NG
ang,f,B-ANG,B-NG-CMP
paglisan,o,I-ANG,I-NG-CMP
ko,p,I-ANG,I-NG-CMP
bukas,o,O,I-NG-CMP
ay,f,B-PRD-SUB,I-NG-CMP
nangangahulugan,o,I-PRD,I-NG-CMP
ng,f,B-NG,I-NG-CMP
mapait,o,I-NG,I-NG-CMP
na,f,I-NG,I-NG-CMP
gunitain,o,I-NG,I-NG-CMP
.,d,O,O
##,d,O,O


--,d,O,
At,f,O,
marahil,o,O,
+COMMA,d,O,
sa,f,B-SA,
paglisan,o,I-SA,
mong,p,I-SA,
iyan,p,I-SA,
ay,f,B-PRD,
limot,o,I-PRD,
mo,p,I-PRD,
na,c,B-NG-CMP,
ako,p,I-NG-CMP,
sa,f,I-NG-CMP,
alaala,o,I-NG-CMP,
.,d,O,
##,d,O,


--,d,O,O
Leoning,n,O,O
+COMMA,d,O,O
alamin,o,B-PRD,O
mo,p,B-NG,O
na,c,B-NG-CMP,O
mula,o,I-NG-CMP,O
sa,f,I-NG-CMP,O
mga,f,I-NG-CMP,O
sandaling,o,I-NG-CMP,O
ito,p,I-NG-CMP,O
ay,f,I-NG-CMP,O
nakatitik,o,I-NG-CMP,B-PRD
na,c,I-NG-CMP,O
sa,f,I-NG-CMP,B-SA
kaibuturan,o,I-NG-CMP,I-SA
ng,f,I-NG-CMP,I-SA
aking,p,I-NG-CMP,I-SA
puso,o,I-NG-CMP,I-SA
ang,f,I-NG-CMP,B-ANG
iyong,p,I-NG-CMP,I-ANG
pangalan,o,I-NG-CMP,I-ANG
.,d,O,O
##,d,O,O


--,d,O,
Oo,c,O,
+COMMA,d,O,
nguni,c,O,
t,f,O,
pagdating,o,B-PRD,
sa,f,B-SA,
Maynila,n,I-SA,
+COMMA,d,O,
ay,f,O,
pawi,o,O,
na,c,O,
.,d,O
##,d,O


--,d,O
Leoning,n,O
+COMMA,d,O
namamali,o,B-PRD
ka,p,B-NG
;,d,O


ang,f,B-ANG
sabihin,o,I-ANG
mo,p,B-NG
y,f,B-PRD
hanggang,c,I-PRD
libingan,o,I-PRD
.,d,O
##,d,O


--,d,O
Hanggang,c,B-PRD
libingan,o,I-PRD
na,c,O
di,c,O
mo,p,B-NG
na,f,B-NG
maaalaala,o,I-NG
ang,f,I-NG
iyong,p,I-NG
pangako,o,I-NG,,
?,d,O,,


Marahil,o,O,,
nga,c,O,,
....,d,O,,
##,d,O,,


--,d,O,O,O
Leoning,n,O,O,O
+COMMA,d,O,O,O
saan,c,O,O,O
man,c,O,O,O
mahantong,o,B-PRD,O,O
ang,f,B-ANG,O,O
aba,o,I-ANG,O,O
kong,p,I-ANG,O,O
palad,o,I-ANG,O,O
ay,f,O,O,O
di,c,O,B-PRD,O
maaaring,o,O,I-PRD,O
mawalay,o,O,I-PRD,O
sa,f,O,B-SA,O
gunita,o,O,I-SA,O
ko,p,O,I-SA,O
t,f,O,O,O
alaala,o,O,O,B-PRD
ang,f,O,O,B-ANG
larawan,o,O,O,I-ANG
mo,p,O,O,I-ANG
.,d,O,O,O
##,d,O,O,O


--,d,O,,
Isinusumpa,o,B-PRD,,
mo,f,B-NG,,
kaya,c,O,,
ang,f,B-ANG,,
lahat,o,I-ANG,,
mong,p,I-ANG,,
mga,f,I-ANG,,
pangungusap,o,I-ANG,,
na,c,I-ANG,,
iyan,p,I-ANG,,
?,d,O,,
##,d,O,,


--,d,O
Leoning,n,O
+COMMA,d,O
sumpa,o,O
ko,p,O
.,d,O
##,d,O


--,d,O
Hanggang,c,O
....,d,O
##,d,O


--,d,O
Hanggang,c,O
hukay,o,O
Leoning,n,O
ko,p,O
!,d,O
##,d,O


--,d,O
¡...............!,d,O
##,d,O


--,d,O
Leoning,n,O
!,d,O
##,d,O


--,d,O
Eduardo,n,O
!,d,O
##,d,O


--,d,O
Habang,o,O
buhay,o,O
!!!,d,O
##,d,O


--,d,O
Hanggang,c,O
libingan,o,O
naman,c,O
!,d,O
##,d,O


--,d,O
Hindi,c,O
ka,p,B-NG
kaya,c,O
makalimot,o,B-PRD
?,d,O
##,d,O


--,d,O
Habang,o,O
tumitibok,o,B-PRD
ang,f,B-ANG
puso,o,I-ANG
ko,p,I-ANG
.,d,O
##,d,O


Saksi,o,B-PRD
nila,p,I-PRD
ang,f,B-ANG
mabituing,o,I-ANG
langit,o,I-ANG
.,d,O


Ang,f,B-ANG
liwanag,o,I-ANG
ng,f,I-ANG
buwan,o,I-ANG
ay,f,B-PRD
parang,c,I-PRD
nalulugod,o,I-PRD
na,f,I-PRD
bumabati,o,I-PRD
sa,f,B-SA
kanilang,p,I-SA
pagkamapalad,o,I-SA
.,d,O


Ang,f,B-ANG
simoy,o,I-ANG
ng,f,I-ANG
hangin,o,I-ANG
ay,f,B-PRD
parang,c,I-PRD
nagbabalita,o,I-PRD
sa,f,B-SA
madla,o,I-SA
ng,f,I-SA
pagkamapalad,o,I-SA
ng,f,I-SA
dalawang,c,I-SA,
puso,o,I-SA,
:,d,O,
ni,f,O,
Eduardo,n,O,
at,f,O,
ni,f,O,
Leoning,n,O,
.,d,O,


Ang,f,B-ANG,B-ANG
halimuyak,o,I-ANG,I-ANG
ng,f,I-ANG,I-ANG
mga,f,I-ANG,I-ANG
bulaklak,o,I-ANG,I-ANG
na,f,I-ANG,I-ANG
nasa,c,I-ANG,B-PRD-SUB
bakurang,o,I-ANG,B-NG
mahalaman,o,I-ANG,I-NG
ay,f,B-PRD,O
tila,o,I-PRD,O
naghahatid,o,I-PRD,O
ng,f,B-NG,O
samyo,o,I-NG,O
at,f,I-NG,O
kabanguhan,o,I-NG,O
sa,f,B-SA,O
kahilang,o,I-SA,O
paguulayaw,o,I-SA,O
.,d,O,O
##,d,O,O


Kay,f,O
papalad,o,O
!,d,O
##,d,O


Dalawang,c,O
pusong,o,O
nagkakaisa,o,O
ng,f,O
tibukin,o,O
.,d,O


Si,f,B-ANG
Eduardo,n,I-ANG
ay,f,B-PRD
naliligaya,o,I-PRD
sa,f,B-SA
piling,o,I-SA
ni,f,I-SA
Leoning,n,I-SA
.,d,O


Si,f,B-ANG
Leoning,o,I-ANG
ay,f,B-PRD
nalulugod,o,I-PRD
sa,f,B-SA
harap,o,I-SA
ni,f,I-SA
Eduardo,n,I-SA
.,d,O


Si,f,B-ANG
Leoning,n,I-ANG
ay,f,B-PRD
isang,c,I-PRD
mabangong,o,I-PRD
bulaklak,o,I-PRD
na,f,I-PRD
humahalimuyak,o,I-PRD
kung,c,I-PRD
nagbubukang,o,I-PRD
liwayway,o,I-PRD
.,d,O


Si,f,B-ANG
Eduardo,n,I-ANG
naman,c,O
ay,f,B-PRD
isang,c,I-PRD
paruparung,o,I-PRD
nagkapakpak,o,I-PRD
na,f,B-NG
uhaw,o,I-NG
sa,f,I-NG
katamisan,o,I-NG
ng,f,I-NG
nektar,o,I-NG,
at,f,O,
bango,o,B-PRD,
ng,f,B-NG,
pag-ibig,o,I-NG,
.,d,O,
##,d,O,


Ang,f,B-ANG,O
gabing,o,I-ANG,O
yaon,p,I-ANG,O
ay,f,B-PRD,O
parang,c,I-PRD,O
isang,c,I-PRD,O
langit,o,I-PRD,O
na,f,B-NG,O
mabituin,o,I-NG,O
at,f,O,O
puno,o,O,B-PRD
ng,f,O,B-NG
mga,f,O,I-NG
pangarap,o,O,I-NG
at,f,O,I-NG
pagasa,o,O,I-NG
kay,f,O,B-SA
Eduardo,n,O,I-SA
.,d,O,O


Kung,c,O,
pagkuruin,o,O,
niya,p,O
ay,f,O
tila,o,B-PRD
siya,p,B-ANG
na,f,O
lamang,c,O
ang,f,O
pinakamapalad,o,O
at,f,O
pinakamaligaya,o,O
sa,f,O
sangdaigdig,o,O
.,d,O


Laging,c,O
sariwa,o,B-PRD,
ang,f,B-ANG,
ngiti,o,I-ANG,
.,d,O,


Naging,c,B-PRD,O
masigla,o,I-PRD,O
siya,p,B-ANG,O
buhat,c,O,O
ng,f,O,O
mga,f,O,O
sandaling,o,O,O
bitiwan,o,O,B-PRD-SUB
ni,f,O,B-NG
Leoning,o,O,I-NG
ang,f,O,B-ANG
oong,o,O,I-ANG
kanyang,p,O,I-ANG
malaon,o,O,I-ANG
nang,f,O,O
ninanais,o,O,O
makamtan,o,O,O
.,d,O,O


Kay,f,O,
palad,o,O,
nga,c,O,
naman,c,O,
niya,p,O,
!,d,O,


Tinamo,o,B-PRD,O
rin,c,O,O
niya,p,B-NG,O
sa,f,B-SA,O
kabila,o,I-SA,O
ng,f,I-SA,O
pagod,o,I-SA,O
at,f,O,O
masasaklap,o,O,B-PRD
na,f,O,I-PRD
pagtitiis,o,O,I-PRD
ang,f,O,B-ANG
ligaya,o,O,I-ANG
ng,f,O,I-ANG
kanyang,p,O,I-ANG
puso,o,O,I-ANG
.,d,O,O
##,d,O,O


Samantala,c,O,
+COMMA,d,O,
si,f,B-ANG,
Leoning,n,I-ANG,
ay,f,B-PRD,
nalulugod,f,I-PRD,
din,o,O,
naman,c,O,
sa,f,B-SA,
kabilang,o,I-SA,
dako,o,I-SA,
.,d,O,


Pusong,o,B-ANG,O
umiibig,o,I-ANG,B-PRD
sa,f,I-ANG,B-SA
kapwa,o,I-ANG,I-SA
puso,o,I-ANG,I-SA
ay,f,B-PRD,O
pusong,o,I-PRD,O
naliligaya,o,I-PRD,O
.,d,O,O


Kay,f,O,
tamis,o,O,
dilidilihin,o,O,
!,d,O,


Isang,c,O,B-PRD
batisang,o,O,I-PRD
pinagmumulan,o,O,I-PRD
ng,f,O,I-PRD
mga,f,O,I-PRD
pangarap,o,O,I-PRD
at,f,O,I-PRD
kaaliwan,o,O,I-PRD
para,c,O,I-PRD
kay,f,O,I-PRD
Leoning,n,O,I-PRD
ang,f,O,B-ANG
kanyang,p,O,I-ANG
puso,o,O,I-ANG
sa,f,O,O
dahilang,c,O,O
siya,p,B-ANG,O
y,f,B-PRD,O
umiibig,o,I-PRD,O
.,d,O,O
##,d,O,O


Datapwa,c,O,O
t,f,O,O
sa,f,B-SA,O
pagkalugod,o,I-SA,O
ni,f,I-SA,O
Leoning,n,I-SA,O
ay,f,B-PRD,O
parang,c,I-PRD,O
nakatatanaw,o,I-PRD,B-PRD-SUB
siya,p,I-PRD,B-ANG
sa,f,O,B-SA
kabilang,o,O,I-SA
dako,o,O,I-SA
ng,f,O,I-SA
manipis,o,O,I-SA
na,f,O,I-SA
ulap,o,O,I-SA
:,d,O,O


nalulugod,o,B-PRD,O,O
siya,p,I-PRD,O,O
sa,f,B-SA,O,O
harap,o,I-SA,O,O
ni,f,I-SA,O,O
Eduardo,p,I-SA,O,O
+COMMA,d,O,O,O
nguni,c,O,O,O
t,f,O,O,O
iilang,o,O,B-PRD,O
sandali,o,O,I-PRD,O
na,c,O,O,O
lamang,c,O,O,O
ang,f,O,B-ANG,O
itatagal,o,O,I-ANG,B-PRD-SUB
ng,f,O,I-ANG,B-NG
kanilang,o,O,I-ANG,I-NG
paguulayaw,o,O,I-ANG,I-NG
at,f,O,I-ANG,I-NG
pagpapalitan,o,O,I-ANG,I-NG
ng,f,O,I-ANG,I-NG
ngiti,o,O,I-ANG,I-NG
at,f,O,I-ANG,I-NG
titig,o,O,I-ANG,I-NG
.,d,O,O,O


Matatapos,o,B-PRD,O,
na,c,O,O,
ang,f,B-ANG,O,
paguusap,o,I-ANG,O,
nang,f,O,O,
lihim,o,O,O
ng,f,B-NG,O
kanilang,p,I-NG,O
mga,f,I-NG,O
mata,o,I-NG,O
kung,c,O,O
sakali,o,O,O
t,f,O,O
nahihinto,o,O,B-PRD
ang,f,O,B-ANG
kanilang,p,O,I-ANG
paguusap,o,O,I-ANG
.,d,O,O


Kinabukasan,o,B-SA,
ay,f,B-PRD,,
hindi,c,I-PRD,,
na,c,I-PRD,,
mauulit,o,I-PRD,,
ang,f,B-ANG,,
ganito,o,I-ANG,,
.,d,O,,


Aalis,o,O,O,B-PRD
na,c,O,O,O
si,f,O,O,B-ANG
Eduardo,n,O,O,I-ANG
at,f,O,O,O
ang,f,B-ANG,O,O
pangyayaring,o,I-ANG,O,O
ito,p,I-ANG,O,O
ay,f,B-PRD,O,O
tila,o,I-PRD,O,O
isang,c,I-PRD,O,O
tinik,o,I-PRD,O,O
na,c,B-NG,O,O
susubyang,o,I-NG,B-PRD-SUB,O
sa,f,I-NG,B-SA,O
kanyang,p,I-NG,I-SA,O
puso,o,I-NG,I-SA,O
.,d,O,O,O


Magkakahiwalay,o,B-PRD,,
silang,p,B-ANG,,
maluwat,o,O,,
.,d,O


Kay,f,O
lungkot,o,O
na,c,O
mga,f,O
sandali,o,O
!,d,O
##,d,O


Kay,f,B-SA
Eduardo,n,I-SA
man,p,O
ay,f,B-PRD
gayon,o,I-PRD
din,c,O
.,d,O


Parang,c,O
subyang,o,O
na,c,O
dumuduro,o,B-PRD
sa,f,B-SA
kaibuturan,o,I-SA
ng,f,B-NG
kanyang,p,I-NG
puso,o,I-NG
ang,f,B-ANG
gayong,c,I-ANG
paghihiwalay,o,I-ANG
.,d,O


Ilang,p,O
saglit,o,O
na,c,O
lamang,c,O
at,f,O
sila,p,B-ANG
y,f,B-PRD
magpapaalaman,o,I-PRD
.,d,O
##,d,O


--,d,O
Leoning,n,O
+COMMA,d,O
huwag,c,O
sanang,c,O
magbabago,o,B-PRD
ang,f,B-ANG
iyong,p,I-ANG
damdamin,o,I-ANG
.,d,O
##,d,O


--,d,O
Eduardo,n,O
+COMMA,d,O
huwag,c,O
ka,p,B-NG
sanang,c,O
makalilimot,o,B-PRD
sa,f,B-SA
iyong,p,I-SA
sumpa,o,I-SA
.,d,O
##,d,O


--,d,O
Leoning,n,O
+COMMA,d,O
aalis,o,B-PRD
na,c,O
ako,p,B-ANG
.,d,O


Huwag,c,O
ka,p,B-ANG
sanang,c,O
magbabago,o,B-PRD
ng,f,B-NG
kalooban,o,I-NG
at,f,O
alalahanin,o,B-PRD
mo,p,B-NG
sana,c,O
akong,p,B-ANG
parati,o,O
.,d,O
##,d,O


--,d,O
Eduardo,n,O
+COMMA,d,O
ipinababaon,o,B-PRD
ko,p,B-NG
ang,f,B-ANG
aking,p,I-ANG
pagmamahal,o,I-ANG
sa,f,B-SA
iyo,p,I-SA
.,d,O


Alagaan,o,O,B-PRD
mo,p,O,B-NG
sanang,c,O,O
lagi,c,O,O
at,f,O,O
ako,p,B-ANG,O
ay,f,B-PRD,O
iyong,p,B-ANG,O
alalahanin,o,I-ANG,O
.,d,O,O
##,d,O,O


--,d,O,
Leoning,n,O,
+COMMA,d,O
Leoning,n,O
+COMMA,d,O
hanggang,o,O
hukay,o,O
.,d,O
##,d,O


At,f,O
isang,p,O
mariing,o,O
halik,o,O
at,f,O
mahigpit,o,O
na,c,O
yakap,o,B-PRD-SUB
ang,f,B-ANG
nailagda,o,I-ANG
ni,f,B-NG
Eduardo,n,I-NG
kay,f,B-SA
Leoning,n,I-SA
.,d,O


Salamat,o,O
na,c,O
lamang,c,O
at,f,O
walang,c,B-PRD
nakasaksi,o,I-PRD
sa,f,B-SA,,,
kanila,p,I-SA,,,
.,d,O,,,


Ang,f,B-ANG,O,B-ANG,O
dalawang,c,I-ANG,O,I-ANG,O
batang,o,I-ANG,O,I-ANG,O
kasama,o,I-ANG,O,B-PRD-SUB,O
ni,f,I-ANG,O,B-NG,O
Leoning,n,I-ANG,O,I-NG,O
at,f,O,O,O,O
saka,c,O,O,O,O
ang,f,O,O,O,O
matandang,o,O,O,O,O
kanyang,p,O,O,O,O
ali,o,O,O,O,O
+COMMA,d,O,O,O,O
ay,f,B-PRD,O,O,O
salamat,o,B-PRD,O,O,O
at,f,B-PRD,O,O,O
paraparang,c,B-PRD,O,O,O
nagsisipaghilik,o,B-PRD,O,O,O
ng,f,B-NG,O,O,O
mga,f,B-NG,O,O,O
sandaling,o,B-NG,O,O,O
yaon,p,B-NG,O,O,O
at,f,O,O,O,O
kung,f,O,O,O,O
hindi,c,O,O,O,O
sana,c,O,O,O,O
ay,f,O,B-PRD,O,O
di,c,O,I-PRD,O,B-PRD-SUB
nila,p,O,B-NG,O,B-NG
magagawa,o,O,I-PRD,O,I-PRD
ang,f,O,B-ANG,O,B-ANG
gayon,o,O,I-ANG,O,I-ANG
.,d,O,O,O,O
##,d,O,O,O,O


Habang,o,O,O,O,
naaabot,o,B-PRD,O,O,
ng,f,B-NG,O,O,
tanaw,o,I-NG,O,O,
ni,f,B-NG,O,O,
Leoning,n,I-NG,O,O,
+COMMA,d,O,O,O,
si,f,O,B-ANG,O
Eduardo,n,O,I-ANG,O
ay,f,O,B-PRD,O
di,c,O,I-PRD,O
nagbabago,o,O,I-PRD,O
ang,f,O,I-PRD,O
pagkakatitig,o,O,I-PRD,B-PRD-SUB
ng,f,O,I-PRD,B-NG
binibini,o,O,I-PRD,I-NG
.,d,O,O,O


Sa,f,B-SA,,
palagay,o,I-SA,,
ni,f,I-SA,,
Leoning,n,I-SA,,
ay,f,B-PRD
parang,c,I-PRD
isang,c,I-PRD
dapit-hapon,o,I-PRD
ang,f,B-ANG
gayon,p,I-ANG
.,d,O


Dinalaw,o,B-PRD
rin,c,O
siya,p,B-ANG
ng,f,B-NG
munting,o,I-NG
pagkalungkot,o,I-NG
.,d,O


Isang,c,B-PRD
tanaw,o,I-PRD
pa,c,I-PRD
ang,f,B-ANG
inihabol,o,I-ANG
ni,f,B-NG
Leoning,n,I-NG
+COMMA,d,O
nguni,c,O
t,f,O
+COMMA,d,O
oh,d,O
!,d,O


wala,o,O,,,
na,c,O,,,
....,d,O,,,
##,d,O,,,


Pagdating,o,B-PRD,O,O,O
ni,f,B-NG,O,O,O
Eduardo,n,I-NG,O,O,O
sa,f,B-SA,O,O,O
sariling,p,I-SA,O,O,O
tahanan,o,I-SA,O,O,O
ay,f,O,O,O,O
nagbihis,o,O,B-PRD-SUB,O,O
ng,f,O,B-NG,B-ANG,O
kanyang,p,O,I-NG,I-ANG,O
damit,o,O,I-NG,I-ANG,O
na,f,O,O,O,O
pangpahinga,o,O,O,B-PRD-SUB,O
at,f,O,O,I-PRD,O
bago,o,O,O,I-PRD,O
natulog,o,O,O,I-PRD,O
ay,f,O,O,O,O
idinalangin,o,O,O,O,B-PRD-SUB
at,f,O,O,O,I-PRD
sinabi,o,O,O,O,I-PRD
ang,f,O,O,O,B-ANG
ganito,o,O,O,O,I-ANG
:,d,O,O,O,O
##,d,O,O,O,O


--,d,O
Huwag,c,O
nawang,o,O
makalilimot,o,B-PRD
si,f,B-SA
Leoning,n,I-SA
sa,f,B-SA
aming,p,I-SA
sumpaan,o,I-SA
!,d,O
##,d,O


II,d,O
##,d,O


Dalawang,c,B-ANG,O
buwang,o,I-ANG,O
singkad,o,I-ANG,O
ang,f,B-PRD,O
lumipas,o,I-PRD,O
mula,c,O,O
nang,f,O,O
lisanin,o,O,B-PRD
ni,f,O,B-NG
Eduardo,n,O,I-NG
ang,f,O,B-ANG
sariling,p,O,I-ANG
bayan,o,O,I-ANG
.,d,O,O
##,d,O,O


Si,f,B-ANG,
Eduardo,n,I-ANG,
ay,f,B-PRD,
parating,o,I-PRD,
tumatanggap,o,I-PRD,
ng,f,B-NG,
mga,f,I-NG,
sulat,o,I-NG,
na,c,I-NG,
buhat,o,I-NG,
kay,f,I-NG,
Leoning,n,I-NG,
.,d,O,
##,d,O,


Si,f,B-ANG,
Eduardo,n,I-ANG,
ay,f,B-PRD,
palagay,o,B-PRD,
ang,f,B-ANG,
loob,o,I-ANG,
.,d,O,


Ang,f,B-ANG,O
kanyang,p,I-ANG,O
pagaaral,o,I-ANG,O
ay,f,B-PRD,O
lalong,c,I-PRD,O
sinisikap,o,I-PRD,O
upang,c,O,O
sa,f,O,B-SA
wakas,o,O,I-SA
ay,f,O,B-PRD
magtamo,o,O,I-PRD
ng,f,O,B-NG
tagumpay,o,O,I-NG
.,d,O,O
##,d,O,O


Lalo,c,O,
at,f,O,
lalong,c,O,
sumisigla,o,B-PRD
ang,f,B-ANG
kanyang,p,I-ANG
katawan,o,I-ANG
.,d,O


Lubos,o,B-PRD
na,c,O
nasisiyahan,o,O
.,d,O


Kay,f,O
palad,o,O
na,c,O
Eduardo,n,O,
nga,c,O,
naman,c,O,
!,d,O,


Lagi,c,O,O
nang,f,O,O
sa,f,B-SA,O
mga,f,I-SA,O
huling,o,I-SA,O
titik,o,I-SA,O
ng,f,I-SA,O
mga,f,I-SA,O
liham,o,I-SA,O
na,c,I-SA,O
kanyang,p,I-SA,O
tinatanggap,o,I-SA,O
ay,f,B-PRD,O
di,c,I-PRD,O
nawawala,o,I-PRD,O
ang,f,B-ANG,O
matatamis,o,I-ANG,O
na,c,I-ANG,O
alaala,o,I-ANG,O
ni,f,B-NG,O
Leoning,n,I-NG,O
+COMMA,d,O,O
na,c,O,O
+COMMA,d,O,O
siyang,p,O,O
lubos,o,O,O
niyang,p,O,B-NG
nagiging,o,O,B-PRD-SUB
kaluwalhatian,o,O,I-PRD
.,d,O,O
##,d,O,O


--,d,O,O
Tanggapin,o,B-PRD,O
mo,p,B-NG,O
ang,f,B-ANG,O
matatamis,o,I-ANG,O
na,c,B-NG,O
alaala,o,I-NG,O
at,f,O,O
walang,c,B-PRD,O
kupas,o,I-PRD,O
na,c,B-NG,O
pagmamahal,o,I-NG,B-PRD
ng,f,I-NG,B-NG
iyong,p,I-NG,I-NG
Leoning,n,I-NG,I-NG
na,c,I-NG,B-NG
sumisinta,o,I-NG,I-NG
hanggang,c,I-NG,I-NG
hukay,o,I-NG,I-NG
.,d,O,O
##,d,O,O


Ganyang,c,B-PRD,O
mga,f,I-PRD,O
pangungusap,o,I-PRD,O
ang,f,B-ANG,O
lagi,c,I-ANG,O
nang,f,I-ANG,O
tinatanggap,o,I-ANG,O
at,f,I-ANG,O
nababasa,o,I-ANG,O
ni,f,B-NG,O
Eduardo,n,I-NG,O
kung,c,O,O
sumusulat,o,O,B-PRD
sa,f,O,B-SA
kanya,p,O,I-SA
si,f,O,B-ANG
Leoning,n,O,I-ANG
.,d,O,O
##,d,O,O


Kay,f,O,
tamis,o,O,
nga,c,O,
namang,c,O,
magaalaala,o,B-PRD,
ni,f,B-NG,
Leoning,n,I-NG,
!,d,O,
##,d,O,


Kaya,c,O,
t,f,O,
gayon,c,B-PRD,
na,c,O,
lamang,c,O,
ang,f,B-ANG,
kasiyahang,o,I-ANG,
loob,o,I-ANG,
ng,f,I-ANG,
binata,o,I-ANG,
.,d,O,


Iyan,p,B-ANG,O
ang,f,B-PRD,O
tangi,o,I-PRD,O
niyang,p,I-PRD,O
nagiging,o,O,B-PRD-SUB
kaligayahan,o,O,I-PRD
sa,f,O,B-SA
lahat,o,O,I-SA
ng,f,O,I-SA
sandali,o,O,I-SA
ng,f,O,I-SA
pagiisa,o,O,I-SA
.,d,O,O
##,d,O,O


Ang,f,O,O
bawa,c,O,O
t,f,O,O
pangungusap,o,B-PRD,O
ni,f,B-NG,B-ANG
Leoning,n,I-NG,I-ANG
ay,f,I-NG,B-PRD-SUB
di,c,I-NG,I-PRD-SUB
pinangangawitang,o,I-NG,I-PRD-SUB
basahin,o,I-NG,I-PRD-SUB
.,d,O,O


Minsan,o,O,
...,d,O,
makalawa,o,O,
...,d,O,
makaitlo,o,O,
...,d,O,


Kung,c,O,O
tinititigan,o,B-PRD,O
niya,p,B-NG,O
ang,f,B-ANG,O
sulat,o,I-ANG,O
mula,c,O,O
sa,f,B-SA,O
binibini,o,I-SA,O
ay,f,O,O
waring,o,O,O
siya,p,O,B-ANG
y,f,O,B-PRD
nakikipagusap,o,O,I-PRD
.,d,O,O


Anong,p,B-ANG,
tamis,o,I-ANG,
nga,c,O,
namang,c,O,
magmahal,o,B-PRD,
ni,f,B-NG,
Leoning,n,I-NG,
!,d,O,
##,d,O,


Si,f,B-ANG,O
Leoning,n,I-ANG,O
ay,f,B-PRD,O
isang,c,I-PRD,O
binibining,o,I-PRD,O
katutubo,o,I-PRD,B-PRD
ang,f,I-PRD,B-ANG
kayumian,o,B-PRD,I-ANG
.,d,O,O


Ang,f,B-ANG,O
kanyang,p,I-ANG,O
puso,o,I-ANG,O
ay,f,B-PRD,O
minsan,o,I-PRD,O
lamang,c,I-PRD,O
kung,c,I-PRD,O
sumumpa,o,I-PRD,B-PRD-SUB
sa,f,I-PRD,B-SA
kanyang,p,I-PRD,I-SA
iniirog,o,I-PRD,I-SA
+COMMA,d,O,O
bukod,o,O,O
sa,f,O,O
maganda,o,O,O
at,f,O,O
mabait,o,O,O
.,d,O,O
##,d,O,O


Nguni,c,O,O
t,f,O,O
sa,f,B-SA,O
pagiisa,o,I-SA,O
ni,f,B-ANG,O
Eduardo,n,I-ANG,O
ay,f,B-PRD-SUB,O
kanyang,p,I-PRD-SUB,O
naiisip,o,I-PRD-SUB,O
na,f,I-PRD-SUB,O
matagal,o,I-PRD-SUB,O
pang,c,O,O
panahon,o,O,O
bago,o,O,O
niya,p,O,B-NG
masisilayan,o,O,B-PRD-SUB
ang,f,O,B-ANG
mukha,o,O,I-ANG
ni,f,O,I-ANG
Leoning,n,O,I-ANG
.,d,O,O
##,d,O,O


Iyan,p,B-PRD,
ang,f,B-ANG,
mapait,o,I-ANG,
dilidilihin,o,I-ANG,
para,c,B-SA,
sa,f,I-SA,
kanya,p,I-SA,
.,d,O,


Kailan,c,O,
pa,c,O,
niya,p,B-NG,
makikita,o,B-PRD
ang,f,B-ANG
mukha,o,I-ANG
ng,f,B-NG
kanyang,p,I-NG
kasintahan,o,I-NG
?,d,O


Kailan,c,O
pa,c,O
?,d,O
##,d,O


Kailan,d,O
pa,c,O
kaya,c,O
niya,p,B-NG
makikita,o,B-PRD
ang,f,B-ANG
kanyang,p,I-ANG
ilaw,o,I-ANG
at,f,I-ANG
buhay,o,I-ANG
?,d,O


Kailan,c,O
niya,p,B-NG
makikita,o,B-PRD
ang,f,B-ANG
titig,o,I-ANG
na,c,I-ANG
mapangakit,o,I-ANG
ng,f,I-ANG
kanyang,p,I-ANG
Leoning,n,I-ANG
?,d,O
##,d,O


Kay,f,B-SA
pait,o,I-SA
nga,c,O
naman,c,O
ng,f,B-NG
ganito,o,I-NG
!,d,O,,
##,d,O,,


--,d,O,,
Ano,p,B-PRD,,
kaya,c,O,,
ngayon,c,O,,
si,f,B-ANG,,
Leoning,n,I-ANG,,
?,d,O,,


Naaalaala,o,B-PRD,O,O
rin,c,O,O,O
kaya,c,O,O,O
niya,p,B-NG,O,O
ako,p,B-ANG,O,O
paris,o,O,O,O
ng,f,O,O,O
ginagawa,o,O,B-PRD,O
kong,p,O,B-ANG,O
pagaalaala,o,O,O,B-PRD
sa,f,O,O,B-SA
kanya,p,O,O,I-SA
?,d,O,O,O
##,d,O,O,O


Ang,f,B-ANG,,
madalas,o,I-ANG,,
nasa,c,I-ANG,,
pagiisa,o,I-ANG
y,f,B-PRD
naitatanong,o,I-PRD
ni,f,B-NG
Eduardo,n,B-NG
sa,f,B-SA
sarili,o,B-SA
.,d,O
##,d,O


Oh,c,O
!,d,O


ang,f,B-ANG
puso,o,I-ANG,
nga,c,O,
namang,c,O,
nalalayo,o,B-PRD,
sa,f,B-SA,
sinisinta,o,I-SA,
!,d,O,
##,d,O,


Para,f,O,O
kay,f,B-SA,O
Eduardo,n,I-SA,O
ay,f,O,O
lalo,c,O,O
t,f,O,O
lalong,c,O,O
nananariwa,o,B-PRD,O
ang,f,B-ANG,O
pagkasabik,o,I-ANG,O
na,f,O,O
kanyang,p,O,B-NG
makita,o,O,B-PRD-SUB
si,f,O,B-ANG
Leoning,n,O,I-ANG
.,d,O,O


Kaya,c,O,
t,f,O,
madalas,o,O,
niyang,p,O,
masabi,o,O
sa,f,O
sarili,p,O
:,d,O
##,d,O


--,d,O
Huwag,c,B-PRD
nawang,c,I-PRD
maglalaho,o,I-PRD
ang,f,B-ANG
kanyang,p,I-ANG
sumpa,o,I-ANG
!,d,O
##,d,O


Nalulungkot,o,B-PRD,O,O
siya,p,B-ANG,O,O
sapagka,c,O,O,O
t,f,O,O,O
ang,f,O,B-ANG,O
kanyang,p,O,I-ANG,O
kasintahan,o,O,I-ANG,O
ay,f,O,B-PRD,O
nasa,o,O,I-PRD,O
malayong,o,O,I-PRD,O
hindi,c,O,O,B-PRD
maabot,o,O,O,I-PRD
ng,f,O,O,B-NG
kanyang,p,O,O,I-NG
tanaw,o,O,O,I-NG
.,d,O,O,O


Ang,f,B-ANG,,
kanyang,p,I-ANG,,
puso,o,I-ANG,,
ay,f,B-PRD,,
nangungulila,o,I-PRD,,
sa,f,B-SA,,
madlang,o,I-SA,,
kaaliwan,o,I-SA,,
.,d,O,,


Ngayon,c,O,,
niya,p,B-NG
nadadama,o,B-PRD
ang,f,B-ANG
sakit,o,I-ANG
ng,f,B-NG
malayo,o,I-NG
sa,f,I-NG
kasintahan,o,I-NG
.,d,O


Walang,c,O
kasing,c,O
pait,o,O
!,d,O
##,d,O


Baka,c,O,O
nga,c,O,O
naman,c,O,O
pagdating,o,B-PRD,O
ng,f,B-NG,O
panahon,o,B-NG,O
ay,f,B-NG,O
ganap,o,B-NG,O
na,f,O,O
siyang,p,O,B-ANG
limutin,o,O,B-PRD-SUB
?,d,O,O


Anong,p,B-PRD,O
malay,o,I-PRD,O
ng,f,B-NG,O
isang,c,I-NG,O
Eduardo,n,I-NG,B-ANG
+COMMA,d,O,O
na,c,O,O
+COMMA,d,O,O
nasa,c,O,B-PRD-SUB
malayo,o,O,I-PRD-SUB
?,d,O,O
##,d,O,O


Oh,c,O,
!,d,O,


kaawaawang,o,O
Eduardo,n,B-ANG
kung,c,O
magkakaganito,o,B-PRD-SUB
!,d,O
##,d,O


Pati,c,O
yaong,p,O
gabi,o,O
ng,f,O
mga,f,O
sandaling,o,O
sila,p,B-ANG
y,f,B-PRD
nagpapaalaman,o,I-PRD
ay,f,I-PRD
waring,c,I-PRD
sumusurot,o,I-PRD
sa,f,B-NG
kanyang,p,I-NG
alaala,o,I-NG
.,d,O


Maaaring,o,O
sa,f,O
isang,c,O
iglap,o,O
nga,c,O
lamang,c,O
ay,f,O
ipagwalang,o,B-PRD
bahala,c,I-PRD
ni,f,B-NG
Leoning,n,I-NG
ang,f,B-ANG
gayon,o,I-ANG
.,d,O


Maaari,o,O
ngang,c,O
mangyari,o,B-PRD
ang,f,B-ANG
lahat,o,I-ANG
ng,f,B-NG
mga,f,I-NG
hinagap,o,I-NG
na,c,I-NG
ito,p,I-NG
.,d,O
##,d,O


Sukat,o,O
ng,f,O
maalaala,o,B-PRD
ni,f,B-NG
Eduardo,n,I-NG
ang,f,B-ANG
kanyang,p,I-ANG
bayan,o,I-ANG
...,d,O


Maari,o,B-PRD
ngang,c,O
ang,f,B-ANG
isang,c,I-ANG
Leoning,n,I-ANG
ay,f,I-ANG
ganap,o,I-ANG
na,f,I-ANG
makalimot,o,I-ANG
.,d,O


Maaari,o,O
nga,c,O
sapagka,c,O
t,f,O
doo,p,O
y,f,O
maraming,o,O
mayayamang,o,O
binata,o,O
.,d,O


Maaaring,o,O
si,f,B-ANG
Leoning,n,I-ANG
ay,f,B-PRD,
mabihag,o,I-PRD,
ng,f,B-NG,
iba,o,I-NG,
.,d,O,
##,d,O,


Paano,c,B-PRD,O
nga,c,O,O
naman,c,O,O
ang,f,B-ANG,O
isang,c,I-ANG,O
Eduardo,n,I-ANG,O
+COMMA,d,O,O
kung,c,O,O
ang,f,O,B-ANG
isang,c,O,I-ANG
Leoning,n,O,B-PRD
ay,f,O,I-PRD
lumimot,o,O,I-PRD
pagkatapos,o,O,I-PRD
?,d,O,O
##,d,O,O


Kaawaawang,o,O,
binata,o,O,
!,d,O,
##,d,O,


Oh,c,O
!,d,O


ang,f,B-ANG
puso,o,I-ANG
nga,c,O
namang,c,O
nalalayo,o,B-PRD
sa,f,B-SA
kapuwa,o,I-SA
puso,o,I-SA
!,d,O
##,d,O


Mangarap,o,O
na,f,O
lamang,c,O
at,f,O
umasa,o,O
.,d,O


Manalig,o,O
sa,f,O
pagasang,o,B-PRD
ikinakalat,o,I-PRD
ng,f,B-NG
bubukang,o,I-NG
liwayway,o,I-NG
pagsikat,o,I-NG
ng,f,I-NG
araw,o,I-NG
.,d,O
##,d,O